{
  "robot": "booster_k1",
  "source": "step_animation_compare capture",
  "captured_at": "2026-03-17T10:03:24-0700",
  "animated_joint_names": [
    "R Elbow",
    "R Shoulder Pitch",
    "R Shoulder Roll",
    "R Shoulder Yaw"
  ],
  "background_pose_label": "captured",
  "background_joint_pos": {
    "Head Yaw": 0.01507964450865984,
    "Head Pitch": 0.10618583112955093,
    "L Shoulder Pitch": 0.08437151461839676,
    "L Shoulder Roll": -1.471132516860962,
    "L Shoulder Yaw": -0.07861891388893127,
    "L Elbow": -1.1842693090438843,
    "R Shoulder Pitch": 0.13499443233013153,
    "R Shoulder Roll": 1.4933758974075317,
    "R Shoulder Yaw": 0.00306805525906384,
    "R Elbow": 1.2575191259384155,
    "L Hip Pitch": -1.482604742050171,
    "L Hip Roll": 0.048256658017635345,
    "L Hip Yaw": -0.12645913660526276,
    "L Knee": 0.0078202486038208,
    "L Ankle Up": 0.18608812987804413,
    "L Ankle Down": 0.2025173157453537,
    "R Hip Pitch": -1.4703974723815918,
    "R Hip Roll": 0.053215838968753815,
    "R Hip Yaw": 0.08602273464202881,
    "R Knee": 0.00476844422519207,
    "R Ankle Up": 0.2814687490463257,
    "R Ankle Down": 0.06332401186227798
  },
  "non_animated_joint_pos": {
    "Head Yaw": 0.01507964450865984,
    "Head Pitch": 0.10618583112955093,
    "L Shoulder Pitch": 0.08437151461839676,
    "L Shoulder Roll": -1.471132516860962,
    "L Shoulder Yaw": -0.07861891388893127,
    "L Elbow": -1.1842693090438843,
    "L Hip Pitch": -1.482604742050171,
    "L Hip Roll": 0.048256658017635345,
    "L Hip Yaw": -0.12645913660526276,
    "L Knee": 0.0078202486038208,
    "L Ankle Up": 0.18608812987804413,
    "L Ankle Down": 0.2025173157453537,
    "R Hip Pitch": -1.4703974723815918,
    "R Hip Roll": 0.053215838968753815,
    "R Hip Yaw": 0.08602273464202881,
    "R Knee": 0.00476844422519207,
    "R Ankle Up": 0.2814687490463257,
    "R Ankle Down": 0.06332401186227798
  }
}
